{"text": " \u041e\u0434\u0438\u043d, \u0434\u0432\u0430, \u0442\u0440\u0438. \u041f\u0440\u043e\u0432\u0435\u0440\u043a\u0430 \u0433\u043e\u043b\u043e\u0441\u0430. \u041f\u0435\u0440\u0435\u0445\u043e\u0434 \u043d\u0430 \u043d\u043e\u0432\u0443\u044e \u0441\u0442\u0440\u043e\u0447\u043a\u0443. \u042d\u0442\u043e \u0448\u0435\u0441\u0442\u043d\u0430\u0434\u0446\u0430\u0442\u043e\u0435 \u0437\u0430\u0434\u0430\u043d\u0438\u0435. \u0417\u0430\u0432\u0435\u0440\u0448\u0430\u044e\u0449\u0435\u0435. 16.2. \u041b\u0430\u0431\u043e\u0440\u0430\u0442\u043e\u0440\u043d\u044b\u0435 \u0440\u0430\u0431\u043e\u0442\u044b \u043f\u043e\u0434\u043e\u0448\u043b\u0438 \u043a \u043a\u043e\u043d\u0446\u0443.", "segments": [{"id": 0, "seek": 0, "start": 0.0, "end": 5.04, "text": " \u041e\u0434\u0438\u043d, \u0434\u0432\u0430, \u0442\u0440\u0438. \u041f\u0440\u043e\u0432\u0435\u0440\u043a\u0430 \u0433\u043e\u043b\u043e\u0441\u0430. \u041f\u0435\u0440\u0435\u0445\u043e\u0434 \u043d\u0430 \u043d\u043e\u0432\u0443\u044e \u0441\u0442\u0440\u043e\u0447\u043a\u0443.", "tokens": [50365, 20125, 2599, 11, 18505, 11, 22068, 13, 2608, 6680, 1135, 2833, 42390, 386, 13, 20426, 387, 5280, 1470, 10022, 3924, 18425, 39116, 13, 50617], "temperature": 0.0, "avg_logprob": -0.21247519552707672, "compression_ratio": 1.4910179640718564, "no_speech_prob": 8.340168833331774e-12}, {"id": 1, "seek": 0, "start": 6.78, "end": 11.24, "text": " \u042d\u0442\u043e \u0448\u0435\u0441\u0442\u043d\u0430\u0434\u0446\u0430\u0442\u043e\u0435 \u0437\u0430\u0434\u0430\u043d\u0438\u0435. \u0417\u0430\u0432\u0435\u0440\u0448\u0430\u044e\u0449\u0435\u0435. 16.2.", "tokens": [50704, 6684, 5941, 5740, 489, 2601, 11530, 860, 387, 14787, 9633, 13, 5841, 1828, 19465, 3776, 30145, 13, 3165, 13, 17, 13, 50927], "temperature": 0.0, "avg_logprob": -0.21247519552707672, "compression_ratio": 1.4910179640718564, "no_speech_prob": 8.340168833331774e-12}, {"id": 2, "seek": 0, "start": 14.46, "end": 17.080000000000002, "text": " \u041b\u0430\u0431\u043e\u0440\u0430\u0442\u043e\u0440\u043d\u044b\u0435 \u0440\u0430\u0431\u043e\u0442\u044b \u043f\u043e\u0434\u043e\u0448\u043b\u0438 \u043a \u043a\u043e\u043d\u0446\u0443.", "tokens": [51088, 7853, 3771, 22889, 2542, 4970, 35402, 4095, 6824, 1675, 981, 6184, 22542, 13, 51219], "temperature": 0.0, "avg_logprob": -0.21247519552707672, "compression_ratio": 1.4910179640718564, "no_speech_prob": 8.340168833331774e-12}], "language": "ru"}